충전소,충전기ID,충전기타입,지역,시군구,주소,이용가능시간,이용자 제한,충전용량,비고,GCS,POLYGON
LH 세종본부,11,DC콤보,세종특별자치시 ,가름로 ,세종특별자치시 가름로 238-1,24시간 이용가능,,급속(200kW동시),,"('36.49468870000027', '127.2645932999995')","(979050.6115411974, 1832987.8562928336)"
고복저수지 연기대첩비공원 주차장,1,DC콤보,세종특별자치시 ,연서면 ,세종특별자치시 연서면 용암리 208-5,24시간 이용가능,,급속(100kW멀티),,"('36.59959349999978', '127.22725089999949')","(975682.5689949933, 1844665.202475371)"
금암리마을회관주차장,21,DC콤보,세종특별자치시 ,장군면 ,세종특별자치시 장군면 정자말길 6,24시간 이용가능,,급속(200kW동시),,"('36.438385000000245', '127.22032839999963')","(975058.2043444724, 1826720.480574458)"
도담동 싱싱장터주차장,21,DC콤보,세종특별자치시 ,보듬6로 ,세종특별자치시 보듬6로 16,24시간 이용가능,,급속(200kW동시),"주간 유료, 야간 무료","('36.51548869999969', '127.25912020000005')","(978556.9733803463, 1835303.1821939477)"
명학일반산업단지 관리사무소,21,DC콤보,세종특별자치시 ,연동면 ,세종특별자치시 연동면 응암리 916,24시간 이용가능,,급속(200kW동시),,"('36.54077219999998', '127.33563749999936')","(985458.3381002956, 1838117.5832719812)"
명학일반산업단지 근린공원 주차장,1,DC콤보,세종특별자치시 ,연동면 ,세종특별자치시 연동면 내판리 713,24시간 이용가능,,급속(100kW단독),,"('36.543736699999826', '127.32968869999964')","(984921.7948813826, 1838447.5728697549)"
반곡동 수변공원,11,DC콤보,세종특별자치시 ,반곡동 ,세종특별자치시 반곡동 234-10 ,24시간 이용가능,,급속(200kW동시),,"('36.49216990000007', '127.29946630000012')","(982195.9302061949, 1832707.4792312786)"
보람동 수변공원,11,DC콤보,세종특별자치시 ,보람동 ,세종특별자치시 보람동 624-1,24시간 이용가능,,급속(200kW동시),,"('36.4821080999997', '127.29089679999969')","(981423.0168261994, 1831587.4625892914)"
산림자원연구소,21,DC콤보,세종특별자치시 ,금남면 ,세종특별자치시 금남면 산림박물관길 110,24시간 이용가능,,급속(200kW동시),,"('36.435701300000076', '127.22860249999991')","(975804.4745582902, 1826421.7478763144)"
새롬동 복합커뮤니티 센터,1,DC차데모+AC3상+DC콤보,세종특별자치시 ,새롬동 ,세종특별자치시 새롬동 341-72,24시간 이용가능,,급속(100kW멀티),,"('36.48461169999969', '127.25199279999987')","(977914.1280773011, 1831866.1476818956)"
세종전통시장주차타워,1,DC콤보,세종특별자치시 ,조치원읍 ,세종특별자치시 조치원읍 조치원6길 38 ,24시간 이용가능,,급속(100kW단독),미정,"('36.599767099999795', '127.29931299999954')","(982182.1035393424, 1844684.526541548)"
세종정부청사 13-2동,1,DC차데모+AC3상+DC콤보,세종특별자치시 ,한누리대로 ,세종특별자치시 한누리대로 402,24시간 이용가능,,급속(100kW멀티),,"('36.49963870000011', '127.25910079999935')","(978555.2236259709, 1833538.8593317985)"
세종정부청사 6동,1,DC차데모+AC3상+DC콤보,세종특별자치시 ,도움6로 ,세종특별자치시 도움6로 11,24시간 이용가능,,급속(100kW멀티),,"('36.50529750000008', '127.26095849999983')","(978722.7761303551, 1834168.76155341)"
세종중앙공원주차장,1,DC콤보,세종특별자치시 ,연기면 ,세종특별자치시 연기면 세종리 548-88,24시간 이용가능,,급속(100kW멀티),,"('36.4909963999996', '127.26840099999957')","(979394.0414118913, 1832576.852551177)"
세종중앙공원주차장2,1,DC콤보,세종특별자치시 ,연기면 ,세종특별자치시 연기면 수목원로 136,24시간 이용가능,,급속(100kW멀티),,"('36.49806300000027', '127.28160509999972')","(980584.9656852329, 1833363.4622634277)"
세종청사1동 국무조정실,1,DC콤보,세종특별자치시 ,다솜로 ,세종특별자치시 다솜로 261,24시간 이용가능,,급속(100kW멀티),,"('36.50282000000027', '127.26986009999942')","(979525.6427786662, 1833892.9817495765)"
세종청사4동 기획재정부,1,DC콤보,세종특별자치시 ,갈매로 ,세종특별자치시 갈매로 477,24시간 이용가능,,급속(100kW멀티),,"('36.506005099999676', '127.26428989999955')","(979023.2468268686, 1834247.527159503)"
세종청사7동 법제처,21,DC콤보,세종특별자치시 ,도움5로 ,세종특별자치시 도움5로 20,24시간 이용가능,,급속(200kW동시),,"('36.50595540000003', '127.25851609999992')","(978502.4874741752, 1834241.9948664038)"
세종호수공원제2주차장,1,DC차데모+AC3상+DC콤보,세종특별자치시 ,어진동 ,"세종특별자치시 어진동 621, 입구 우측",24시간 이용가능,,급속(100kW동시),,"('36.50029780000004', '127.26821029999951')","(979376.8415073922, 1833612.2262212841)"
원수산 아래 BMX경기장,11,DC콤보,세종특별자치시 ,연기면 ,세종특별자치시 연기면 세종리 659-30,24시간 이용가능,,급속(200kW동시),,"('36.522604000000015', '127.26327879999994')","(978932.052157614, 1836095.2128855535)"
은하수공원,1,DC차데모+AC3상+DC콤보,세종특별자치시 ,연기면 ,"세종특별자치시 연기면 정안세종로 1527 은하수공원, 화장시설 주차장",24시간 이용가능,,급속(50kW),,"('36.53482890000013', '127.23519810000009')","(976399.3549467588, 1837456.01228986)"
정부세종청사,1,DC차데모+AC3상,세종특별자치시 ,다솜2로 ,"세종특별자치시 다솜2로 11, 정부세종청사 종합안내실 정문 우측도보, 정부세종청사 종합안내실 정문 우측도보(어진동 43)",9:00~18:00,,급속(50kW),"주말, 공휴일: 이용불가/노후로 교체예정","('36.50479809999993', '127.2618747999997')","(978805.4204538226, 1834113.1714690158)"
정부세종청사 공정거래위원회,1,DC콤보,세종특별자치시 ,다솜3로 ,세종특별자치시 다솜3로 95(어진동)세종특별자치시 다솜2로 94(어진동),24시간 이용가능,,급속(100kW멀티),,"('36.504252199999875', '127.26643939999992')","(979217.1178007298, 1834052.4052954782)"
정부세종청사 교육부,1,DC콤보,세종특별자치시 ,갈매로 ,세종특별자치시 갈매로 408(어진동),24시간 이용가능,,급속(100kW멀티),,"('36.49905729999989', '127.26457770000002')","(979049.204522313, 1833474.1415202862)"
정부세종청사 국세청,1,DC콤보,세종특별자치시 ,국세청로 ,세종특별자치시 국세청로 8-14(나성동),24시간 이용가능,,급속(100kW멀티),,"('36.485273699999965', '127.2582090999997')","(978474.7980631457, 1831939.837381281)"
정부세종청사 농림축산식품부/해양수산부,1,DC콤보,세종특별자치시 ,다솜2로 ,세종특별자치시 다솜2로 94(어진동),24시간 이용가능,,급속(100kW멀티),,"('36.50464530000004', '127.26364119999936')","(978964.7382896459, 1834096.162728754)"
정부세종청사 문화체육관광부,1,DC콤보,세종특별자치시 ,갈매로 ,세종특별자치시 갈매로 388(어진동),24시간 이용가능,,급속(100kW멀티),,"('36.49784919999978', '127.26427089999979')","(979021.5331499868, 1833339.6633846383)"
정부세종청사 소방청,21,DC콤보,세종특별자치시 ,정부2청사로 ,세종특별자치시 정부2청사로 13(나성동)세종특별자치시 정부2청사로 13(나성동),24시간 이용가능,,급속(200kW동시),,"('36.484163500000186', '127.26039459999943')","(978671.9160037121, 1831816.2568613302)"
정부세종컨벤션센터,1,DC차데모+AC3상+DC콤보,세종특별자치시 ,다솜 ,세종특별자치시 다솜 3로 66,24시간 이용가능,,급속(100kW멀티),,"('36.5010228999997', '127.26800949999998')","(979358.7306483766, 1833692.939817926)"
첫마을 BRT 환승주차장 A,1,DC차데모+AC3상+DC콤보,세종특별자치시 ,나성남로 ,세종특별자치시 나성남로 7-7 BRT환승센터 B주차장 B1 (나성동 531),24시간 이용가능,,급속(50kW),"주차요금 : 15분당 300원, 2시간 초과시 15분당 400원/노후로 교체예정","('36.48143850000002', '127.26159809999973')","(978780.463906508, 1831512.9269055082)"
한솔동 복합커뮤니티센터 정음관,11,DC콤보,세종특별자치시 ,한솔동 ,세종특별자치시 한솔동 961,09:00 ~ 18:00,,급속(100kW동시),공휴일 휴관,"('36.477498399999575', '127.25535299999927')","(978217.1963471967, 1831074.3396178035)"
세종한신휴시티오피스텔,1,AC완속,세종특별자치시 ,보듬3로 ,세종특별자치시 보듬3로 8-20,입주민 전용 24시간,사업장 거주자외 출입제한,,,"('36.51430120000023', '127.2580630999993')","(978461.629809014, 1835170.9971215248)"
타이어프로 남세종점,1,AC완속,세종특별자치시 ,금남면 ,세종특별자치시 금남면 용포2길 3,09:00~18:00,,,,"('36.460234600000135', '127.2796058000001')","(980404.6417783238, 1829152.641382637)"
2생활권 환승주차장2(A),1,DC차데모+AC3상+DC콤보,세종특별자치시 ,나성동 ,세종특별자치시 나성동 719,24시간 이용가능,,,,"('36.48101849999971', '127.26074049999976')","(978703.1139427259, 1831466.1751324697)"
가락마을10단지,1,DC차데모+AC3상+DC콤보,세종특별자치시 ,고운동 ,세종특별자치시 고운동 마음로 181주차장(마음로 181),24시간,시설 상황에 따라 이용이 제한될 수 있음,,,"('36.5134107999997', '127.22823530000007')","(975771.3554973183, 1835071.8833626953)"
가락마을11단지,1,DC차데모+AC3상+DC콤보,세종특별자치시 ,고운동 ,세종특별자치시 고운동 마음로 152주차장(마음로 152),24시간,시설 상황에 따라 이용이 제한될 수 있음,,,"('36.51199240000015', '127.22567339999972')","(975540.288715315, 1834913.995946485)"
가락마을17단지,1,DC차데모+AC3상+DC콤보,세종특별자치시 ,고운동 ,세종특별자치시 고운동 마음안1로 167 지하(마음안1로 167),,시설 상황에 따라 이용이 제한될 수 있음,,,"('36.518056599999646', '127.23254189999959')","(976159.7829156918, 1835589.0247603673)"
가락마을20단지 호반베르디움아파트,1,DC차데모+AC3상+DC콤보,세종특별자치시 ,고운동 ,세종특별자치시 고운동 만남로 190지하,,시설 상황에 따라 이용이 제한될 수 있음,,,"('36.5162945999997', '127.23624839999938')","(976494.0852020154, 1835392.889941245)"
가락마을21단지,1,DC차데모+AC3상+DC콤보,세종특별자치시 ,고운동 ,세종특별자치시 고운동 마음안로 221 (마음안로 221),,시설 상황에 따라 이용이 제한될 수 있음,,,"('36.5176504999998', '127.23681899999987')","(976545.5496252582, 1835543.8202484392)"
가락마을22,1,DC차데모+AC3상+DC콤보,세종특별자치시 ,고운동 ,세종특별자치시 고운동 마음로 322주차장(마음로 322),24시간,시설 상황에 따라 이용이 제한될 수 있음,,,"('36.519642299999695', '127.23539559999982')","(976417.1681671721, 1835765.534966214)"
가락마을3단지아파트,1,DC차데모+AC3상+DC콤보,세종특별자치시 ,고운동 ,세종특별자치시 고운동 1708,,입주자외 출입제한 (긴급상황 이용가능),,,"('36.50625579999998', '127.23374299999969')","(976268.114354019, 1834275.4335154702)"
가락마을4단지,1,DC차데모+AC3상+DC콤보,세종특별자치시 ,고운동 ,세종특별자치시 고운동 1703,,입주자외 출입제한 (긴급상황 이용가능),,,"('36.50756949999994', '127.23582719999958')","(976456.0956909017, 1834421.6663825996)"
가락마을5단지,1,DC차데모+AC3상+DC콤보,세종특별자치시 ,고운동 ,세종특별자치시 고운동 마음안로 34 B2층 주차장 96(마음안로 34),,시설 상황에 따라 이용이 제한될 수 있음,,,"('36.50627390000004', '127.23460489999954')","(976345.8521499309, 1834277.4482942664)"
가락마을9단지 아파트,1,DC차데모+AC3상+DC콤보,세종특별자치시 ,고운동 ,세종특별자치시 고운동 마음로 151 b1층 주차장 52(마음로 151),,시설 상황에 따라 이용이 제한될 수 있음,,,"('36.51092240000024', '127.2209318999997')","(975112.636134525, 1834794.8902390783)"
가온마을2단지,1,AC완속,세종특별자치시 ,다정동 ,세종특별자치시 다정동 산 29,,입주자외 출입제한 (긴급상황 이용가능),,,"('36.49485099999989', '127.23847909999925')","(976695.2798897531, 1833005.9225136454)"
가재마을10단지,1,DC차데모+AC3상+DC콤보,세종특별자치시 ,도움1로 ,"세종특별자치시 도움1로 74지하1층 주차장(1006동, C45BL)",,시설 상황에 따라 이용이 제한될 수 있음,,,"('36.50233139999974', '127.24834130000015')","(977584.7864346505, 1833838.593853589)"
가재마을11단지,2,AC완속,세종특별자치시 ,종촌동 ,세종특별자치시 종촌동 654지하,,시설 상황에 따라 이용이 제한될 수 있음,,,"('36.50375930000005', '127.25003490000009')","(977737.5381821559, 1833997.5387504643)"
가재마을12단지,1,DC차데모+AC3상+DC콤보,세종특별자치시 ,종촌동 ,세종특별자치시 종촌동 달빛로 80주차장,24시간,시설 상황에 따라 이용이 제한될 수 있음,,,"('36.50564190000019', '127.24751209999985')","(977509.9979668416, 1834207.098007286)"
가재마을2단지아파트,1,DC차데모+AC3상+DC콤보,세종특별자치시 ,종촌동 ,세종특별자치시 종촌동 683,,입주자외 출입제한 (긴급상황 이용가능),,,"('36.502724399999884', '127.2416774999997')","(976983.7548480114, 1833882.3401554879)"
가재마을3단지,1,DC차데모+AC3상+DC콤보,세종특별자치시 ,종촌동 ,세종특별자치시 종촌동 도움3로 159 지하1층 주차장 A-26,,시설 상황에 따라 이용이 제한될 수 있음,,,"('36.50436150000021', '127.23902059999959')","(976744.1196815155, 1834064.571887871)"
가재마을4단지,1,DC차데모+AC3상+DC콤보,세종특별자치시 ,종촌동 ,세종특별자치시 종촌동 도움3로 160,,입주자외 출입제한 (긴급상황 이용가능),,,"('36.50690820000006', '127.23947810000014')","(976785.3832175159, 1834348.0546028803)"
가재마을9단지,1,DC차데모+AC3상+DC콤보,세종특별자치시 ,종촌동 ,"세종특별자치시 종촌동 도움1로 55 902동 지하주차장 D-10, 11",24시간,시설 상황에 따라 이용이 제한될 수 있음,,,"('36.500301599999894', '127.24906589999989')","(977650.1406600917, 1833612.6492134999)"
고운동 복합커뮤니티센터(남측),1,DC콤보,세종특별자치시 ,마음로 ,세종특별자치시 마음로 64,09:00~18:00,,,,"('36.504922399999586', '127.23425429999931')","(976314.230301376, 1834127.0077675118)"
대평동 BRT전기버스 차고지,1,DC콤보,세종특별자치시 ,대평동 ,세종특별자치시 대평동 484-118,24시간 이용가능,전용충전소,,,"('36.467756100000145', '127.27245559999982')","(979759.7400629866, 1829989.887717528)"
도램15세종힐스테이트,1,DC차데모+AC3상+DC콤보,세종특별자치시 ,도담동 ,세종특별자치시 도담동 859,,입주자외 출입제한 (긴급상황 이용가능),,,"('36.51239900000024', '127.26282849999997')","(978891.4380150188, 1834959.2561153125)"
도램마을13단지,1,DC차데모+AC3상+DC콤보,세종특별자치시 ,도담동 ,세종특별자치시 도담동 632,,입주자외 출입제한 (긴급상황 이용가능),,,"('36.51703119999978', '127.25867399999997')","(978516.7290311775, 1835474.8836460037)"
도램마을16단지,1,DC차데모+AC3상+DC콤보,세종특별자치시 ,도담동 ,세종특별자치시 도담동 보듬4로 55 지하(보듬4로 55),,시설 상황에 따라 이용이 제한될 수 있음,,,"('36.51469170000016', '127.26174279999957')","(978793.5149090115, 1835214.4651390358)"
도램마을16단지,1,DC차데모+AC3상+DC콤보,세종특별자치시 ,도담동 ,세종특별자치시 도담동 639,,입주자외 출입제한 (긴급상황 이용가능),,,"('36.51540429999973', '127.26400609999945')","(978997.6499055416, 1835293.787313853)"
도램마을18단지,1,DC차데모+AC3상+DC콤보,세종특별자치시 ,도담동 ,세종특별자치시 도담동 보듬4로 85 지하(보듬4로 85),,시설 상황에 따라 이용이 제한될 수 있음,,,"('36.5147465999997', '127.26330659999952')","(978934.5595374661, 1835220.5762635989)"
도램마을18단지,1,AC완속,세종특별자치시 ,도담동 ,세종특별자치시 도담동 636,,입주자외 출입제한 (긴급상황 이용가능),,,"('36.514382099999956', '127.26624729999976')","(979199.7916252918, 1835180.0024034847)"
도램마을19단지,1,DC차데모+AC3상+DC콤보,세종특별자치시 ,도담동 ,세종특별자치시 도담동 보듬4로 111 지하,,시설 상황에 따라 이용이 제한될 수 있음,,,"('36.51533990000013', '127.25889149999955')","(978536.3461220014, 1835286.6187087032)"
도램마을19단지,1,DC차데모+AC3상+DC콤보,세종특별자치시 ,도담동 ,세종특별자치시 도담동 638,,입주자외 출입제한 (긴급상황 이용가능),,,"('36.51541730000001', '127.26499539999998')","(979086.878356116, 1835295.2343925722)"
도램마을1단지아파트,1,DC차데모+AC3상+DC콤보,세종특별자치시 ,도담동 ,세종특별자치시 도담동 845,,입주자외 출입제한 (긴급상황 이용가능),,,"('36.51007020000028', '127.25514589999969')","(978198.5172689928, 1834700.0286653815)"
도램마을20단지,1,DC차데모+AC3상+DC콤보,세종특별자치시 ,도담동 ,세종특별자치시 도담동 보람로 96주차장(보람로 96),24시간,시설 상황에 따라 이용이 제한될 수 있음,,,"('36.5171367999996', '127.25514749999981')","(978198.6615786374, 1835486.6383774818)"
도램마을5단지,1,DC차데모+AC3상+DC콤보,세종특별자치시 ,다솜1로 ,"세종특별자치시 다솜1로 220지하2층 주차장(504동, B2-905BL)(다솜1로 220)",,시설 상황에 따라 이용이 제한될 수 있음,,,"('36.51759979999976', '127.25592389999936')","(978268.6878284597, 1835538.17664155)"
도램마을9단지 ,1,DC차데모+AC3상+DC콤보,세종특별자치시 ,도담동 ,세종특별자치시 도담동 보람로 15주차장(보람로 15),24시간,시설 상황에 따라 이용이 제한될 수 있음,,,"('36.509874599999684', '127.25854010000015')","(978504.6521187042, 1834678.2556967447)"
범지기 3단지,1,DC차데모+AC3상+DC콤보,세종특별자치시 ,아름동 ,세종특별자치시 아름동 달빛1로 201 (달빛1로 201),,입주자외 출입제한 (긴급상황 이용가능),,,"('36.51750449999976', '127.2404916')","(976876.7943512431, 1835527.568441628)"
범지기8단지,1,DC차데모+AC3상+DC콤보,세종특별자치시 ,아름동 ,세종특별자치시 아름동 1279,,입주자외 출입제한 (긴급상황 이용가능),,,"('36.51372890000026', '127.24725039999932')","(977486.3943222942, 1835107.2922651218)"
범지기마을 9단지,1,DC차데모+AC3상+DC콤보,세종특별자치시 ,아름동 ,세종특별자치시 아름동 달빛1로 206 904동 지하주차장(달빛1로 206),24시간,시설 상황에 따라 이용이 제한될 수 있음,,,"('36.51613240000004', '127.24148599999957')","(976966.4827886894, 1835374.834851803)"
범지기마을10단지,1,DC차데모+AC3상+DC콤보,세종특별자치시 ,아름동 ,세종특별자치시 아름동 달빛로 211 주차장 2-2 지하1층(달빛로 211),,시설 상황에 따라 이용이 제한될 수 있음,,,"('36.51665699999964', '127.24706169999943')","(977469.3748048537, 1835433.2300425163)"
범지기마을12단지,1,DC차데모+AC3상+DC콤보,세종특별자치시 ,아름동 ,세종특별자치시 아름동 보듬3로 74주차장(보듬3로 74),24시간,시설 상황에 따라 이용이 제한될 수 있음,,,"('36.51344099999958', '127.24648210000001')","(977417.0986400157, 1835075.245037789)"
범지기마을1단지아파트,1,AC완속,세종특별자치시 ,아름동 ,세종특별자치시 아름동 1339,,입주자외 출입제한 (긴급상황 이용가능),,,"('36.50981410000009', '127.24118469999935')","(976939.3074807312, 1834671.5212152025)"
범지기마을5단지,1,DC차데모+AC3상+DC콤보,세종특별자치시 ,달빛1로 ,"세종특별자치시 달빛1로 122지하1층 주차장(505동,39BL)(달빛1로 122)",,시설 상황에 따라 이용이 제한될 수 있음,,,"('36.5102673000001', '127.2459141999993')","(977365.8777392606, 1834721.9686045505)"
범지기마을6단지,1,DC차데모+AC3상+DC콤보,세종특별자치시 ,달빛로 ,"세종특별자치시 달빛로 135지하2층 주차장(601동, 84BL)(달빛로 135)",,시설 상황에 따라 이용이 제한될 수 있음,,,"('36.51039460000001', '127.24668029999933')","(977434.9749958568, 1834736.1388443105)"
범지기마을7단지아파트,1,DC차데모+AC3상+DC콤보,세종특별자치시 ,아름동 ,세종특별자치시 아름동 1284,,입주자외 출입제한 (긴급상황 이용가능),,,"('36.51378390000025', '127.24476939999984')","(977262.6241962346, 1835113.414521109)"
보건소신청사,1,DC콤보,세종특별자치시 ,조치원읍 ,세종특별자치시 조치원읍 대첩로 32(53-1 세종창조경제혁신센터),09:00~18:00,,100kW,,"('36.59603790000012', '127.29216759999967')","(981537.634752944, 1844269.415322802)"
보람동행정복지센터,1,DC콤보,세종특별자치시 ,한누리대로 ,세종특별자치시 한누리대로 2107(631-4 보람종합복지센터),24시간 이용가능,,100kW,,"('36.47921409999985', '127.29131139999983')","(981460.4110601032, 1831265.3206105577)"
새뜸마을3단지,1,DC차데모+AC3상+DC콤보,세종특별자치시 ,새롬동 ,세종특별자치시 새롬동 329,,입주자외 출입제한 (긴급상황 이용가능),,,"('36.48667800000025', '127.2436280999993')","(977159.6863304359, 1832096.1552737663)"
새뜸마을4단지,2,AC완속,세종특별자치시 ,새롬동 ,세종특별자치시 새롬동 새롬북로 13지하,,시설 상황에 따라 이용이 제한될 수 있음,,,"('36.48942059999998', '127.24274109999963')","(977079.6846771582, 1832401.4443514557)"
새샘마을3단지아파트,1,DC차데모+AC3상+DC콤보,세종특별자치시 ,소담동 ,세종특별자치시 소담동 333-10,,입주자외 출입제한 (긴급상황 이용가능),,,"('36.4839502000001', '127.2926292999997')","(981579.2771016866, 1831792.5136394592)"
새샘마을9단지,1,DC차데모+AC3상+DC콤보,세종특별자치시 ,소담동 ,세종특별자치시 소담동 국책연구원1로 15 지하2층 주차장 A-36(국책연구원1로 15),,시설 상황에 따라 이용이 제한될 수 있음,,,"('36.490234399999636', '127.29927540000004')","(982178.7122629901, 1832492.031477301)"
세종 새뜸마을 11단지(새롬동),2,AC완속,세종특별자치시 ,새롬동 ,세종특별자치시 새롬동 134-7지하,,시설 상황에 따라 이용이 제한될 수 있음,,,"('36.48932500000004', '127.25260659999945')","(977969.4888605785, 1832390.8027574169)"
세종e편한세상,1,AC완속,세종특별자치시 ,조치원읍 ,세종특별자치시 조치원읍 신안리 542,,입주자외 출입제한 (긴급상황 이용가능),,,"('36.61530919999976', '127.28075539999998')","(980508.3282502887, 1846414.5759015777)"
세종고용복지센터,1,DC차데모+AC3상+DC콤보,세종특별자치시 ,조치원읍 ,"세종특별자치시 조치원읍 터미널안길 60 (상리, 세종고용복지플러스센터)",24시간 이용가능,,,,"('36.60157469999998', '127.3020091000002')","(982425.2742919198, 1844885.7372674807)"
세종더샵레이크파크아파트,1,DC차데모+AC3상+DC콤보,세종특별자치시 ,어진동 ,세종특별자치시 어진동 613지하,,시설 상황에 따라 이용이 제한될 수 있음,,,"('36.50441860000025', '127.27207250000004')","(979725.1869250332, 1834070.9279027293)"
세종시 청자장,1,DC콤보,세종특별자치시 ,조치원읍 ,세종특별자치시 조치원읍 문화로 8(상리 120-7),24시간 이용가능,,100kW,,"('36.60219389999966', '127.30106279999964')","(982339.9241627537, 1844954.6627385034)"
세종시청주차장,1,DC차데모+AC3상+DC콤보,세종특별자치시 ,보람동 ,세종특별자치시 보람동 626-5,24시간 이용가능,,,,"('36.47993000000005', '127.28450369999959')","(980846.4006257823, 1831345.010120804)"
세종지사,1,DC차데모+AC3상+DC콤보,세종특별자치시 ,조치원읍 ,세종특별자치시 조치원읍 침산리 행복8길 8,주중/주말 : 09시~18시,,,,"('36.602900999999854', '127.2872926999994')","(981097.9503564026, 1845033.3726877903)"
세종청정 아파트,1,DC차데모+AC3상+DC콤보,세종특별자치시 ,연동면 ,세종특별자치시 연동면 태산로 58 지상(태산로 58),,시설 상황에 따라 이용이 제한될 수 있음,,,"('36.52918080000021', '127.34984539999988')","(986739.7986302542, 1836827.3011253288)"
아름공영주차장,1,DC차데모+AC3상+DC콤보,세종특별자치시 ,아름동 ,세종특별자치시 아름동 1352,24시간 이용가능,,,,"('36.51139929999988', '127.24733439999996')","(977493.9705781331, 1834847.9757641475)"
욱일 아파트,1,DC차데모+AC3상+DC콤보,세종특별자치시 ,조치원읍 ,세종특별자치시 조치원읍 충현로 159 지하(충현로 159),,시설 상황에 따라 이용이 제한될 수 있음,,,"('36.602512499999854', '127.29202979999997')","(981525.2060857486, 1844990.1272977612)"
조치원소방서,1,DC콤보,세종특별자치시 ,조치원읍 ,세종특별자치시 조치원읍 세종로 2439(40-2 조치원소방서),24시간 이용가능,,100kW,,"('36.60468770000002', '127.2883634999999')","(981194.5295789533, 1845232.2569564453)"
조치원자이 아파트,1,DC차데모+AC3상+DC콤보,세종특별자치시 ,조치원읍 ,세종특별자치시 조치원읍 도원로 16 지하주차장 110동과 111동 사이(도원로 16),24시간,시설 상황에 따라 이용이 제한될 수 있음,,,"('36.58991169999999', '127.28793269999932')","(981155.6742099657, 1843587.4850566431)"
조치원주차타워,1,DC콤보,세종특별자치시 ,조치원읍 ,세종특별자치시 조치원읍 새내로 99(원리 12-11),09:00~18:00,,,,"('36.60055989999957', '127.29731669999927')","(982002.0502129386, 1844772.7760787562)"
종촌공영주차장,1,DC차데모+AC3상+DC콤보,세종특별자치시 ,종촌동 ,세종특별자치시 종촌동 664,24시간 이용가능,,,,"('36.50374580000006', '127.24914829999952')","(977657.5726062052, 1833996.0360149047)"
중흥S-클래스파크뷰가락마을15단지,1,DC차데모+AC3상+DC콤보,세종특별자치시 ,고운동 ,세종특별자치시 고운동 마음안로 190 지하(마음안로 190),,입주자외 출입제한 (긴급상황 이용가능),,,"('36.516656100000226', '127.22842019999962')","(975788.0322793486, 1835433.1298602107)"
첫마을2단지아파트,1,AC완속,세종특별자치시 ,한솔동 ,세종특별자치시 한솔동 노을1로 16,,입주자외 출입제한 (긴급상황 이용가능),,,"('36.481797100000065', '127.25581450000018')","(978258.8206573144, 1831552.8440145596)"
첫마을3단지,1,DC차데모+AC3상+DC콤보,세종특별자치시 ,한솔동 ,세종특별자치시 한솔동 나리1로 15주차장(나리1로 15),24시간,시설 상황에 따라 이용이 제한될 수 있음,,,"('36.47891159999972', '127.25693559999992')","(978359.9366139122, 1831231.6482026053)"
첫마을6단지,1,DC차데모+AC3상+DC콤보,세종특별자치시 ,한솔동 ,세종특별자치시 한솔동 누리로 27주차장(누리로 27),24시간,시설 상황에 따라 이용이 제한될 수 있음,,,"('36.47570240000019', '127.24746600000007')","(977505.8400455341, 1830874.4201314044)"
첫마을7단지,1,DC차데모+AC3상+DC콤보,세종특별자치시 ,나리로 ,세종특별자치시 나리로 57,,시설 상황에 따라 이용이 제한될 수 있음,,,"('36.47583819999965', '127.25524979999975')","(978207.888375851, 1830889.5365379495)"
한뜰마을1단지,1,DC차데모+AC3상+DC콤보,세종특별자치시 ,갈매로 ,"세종특별자치시 갈매로 479지하1층 주차장(104동, 19BL)(갈매로 479)",,시설 상황에 따라 이용이 제한될 수 있음,,,"('36.50719739999965', '127.26424469999944')","(979019.1700796997, 1834380.2465379601)"
호려울마을8,1,DC차데모+AC3상+DC콤보,세종특별자치시 ,보람동 ,세종특별자치시 보람동 보람동로 14,,입주자외 출입제한 (긴급상황 이용가능),,,"('36.47865189999994', '127.29122889999974')","(981452.9700945958, 1831202.7400229885)"
홈플러스 세종점,1,DC차데모+AC3상+DC콤보,세종특별자치시 ,절재로 ,세종특별자치시 절재로 154,10:00~24:00,,,,"('36.507370499999695', '127.25790449999967')","(978447.3251165838, 1834399.514947268)"
GS수퍼마켓 세종아름점,1,AC완속,세종특별자치시 ,보듬3로 ,세종특별자치시 보듬3로 104-7실외주차장,24시간 이용가능,,,,"('36.51232269999998', '127.24816149999967')","(977568.5696394948, 1834950.762876521)"
LH 가재마을1단지아파트,1,AC완속,세종특별자치시 ,도움1로 ,세종특별자치시 도움1로 145(686 가재마을1단지),24시간 이용가능,거주자외 출입제한,7kW,,"('36.50094609999962', '127.2407104000001')","(976896.5286936914, 1833684.390922282)"
코스트코 세종점,1,AC완속,세종특별자치시 ,종합운동장1로 ,세종특별자치시 종합운동장1로 14,24시간 이용가능,,,,"('36.46756159999968', '127.2670744999999')","(979274.3997060435, 1829968.237194025)"
호려울마을LH천년나무2단지아파트,1,AC완속,세종특별자치시 ,보람1길 ,세종특별자치시 보람1길 12(732 호려울마을2단지),24시간 이용가능,거주자외 출입제한,7kW,,"('36.47521089999993', '127.2811982999993')","(980548.2749607693, 1830819.7094255858)"
가락마을6단지,1,AC완속,세종특별자치시 ,마음로 ,"세종특별자치시 마음로 14 (고운동, 가락마을6단지)지하주차장",,,,입주민 등 거주자 외 출입 제한,"('36.503263899999816', '127.23692000000014')","(976554.6591709241, 1833942.393921042)"
가락마을7단지,1,AC완속,세종특별자치시 ,마음안로 ,"세종특별자치시 마음안로 13 (고운동, 가락마을7단지)지하주차장",,,,입주민 등 거주자 외 출입 제한,"('36.50461099999983', '127.23738789999975')","(976596.86071946, 1834092.3446672682)"
고운동가락마을2단지,1,AC완속,세종특별자치시 ,만남로 ,세종특별자치시 만남로 190 (고운동     가락마을20단지),24시간 이용가능,,,,"('36.5162202999999', '127.23939799999937')","(976778.1587163978, 1835384.619329995)"
도램마을7단지,1,AC완속,세종특별자치시 ,보듬1로 ,"세종특별자치시 보듬1로 12 (도담동, 도램마을7단지)지하주차장",,,,입주민 등 거주자 외 출입 제한,"('36.51036489999961', '127.25729899999945')","(978392.7129394752, 1834732.8328260318)"
도램마을8단지,1,AC완속,세종특별자치시 ,보듬3로 ,"세종특별자치시 보듬3로 7 (도담동, 도램마을8단지)",,,,입주민 등 거주자 외 출입 제한,"('36.51152149999992', '127.25798389999994')","(978454.4864821922, 1834861.5783038216)"
세종시 가락마을21단지,1,AC완속,세종특별자치시 ,마음안로 ,세종특별자치시 마음안로 221지하1층 56기둥(1390 가락마을21단지),24시간 이용가능,,7kW,,"('36.51816250000022', '127.2385681999999')","(976703.3161325511, 1835600.8128860535)"
세종시 가락마을22단지,1,AC완속,세종특별자치시 ,마음로 ,세종특별자치시 마음로 3222203동 B2(1387 가락마을22단지),24시간 이용가능,,7kW,,"('36.519364100000246', '127.23988010000016')","(976821.6410130418, 1835734.5674823471)"
세종시 국토연구원,1,AC완속,세종특별자치시 ,국책연구원로 ,세종특별자치시 국책연구원로 5지하1층(771-125 국토연구원),24시간 이용가능,시설 상황에 따라 이용이 제한될 수 있음,7kW,,"('36.49176670000014', '127.29991660000006')","(982236.5443487876, 1832662.597529202)"
세종시 미래로아파트,1,AC완속,세종특별자치시 ,부강면 ,세종특별자치시 부강면 퇴미로 23-6103동 실외주차장,24시간 이용가능,거주자외 출입제한,,,"('36.529794400000085', '127.35970419999958')","(987628.9985170722, 1836895.6032393994)"
세종시 세종중앙타운,1,AC완속,세종특별자치시 ,절재로 ,세종특별자치시 절재로 194지하2층 36기둥(547 중앙타운 지하2층 36기둥),24시간 이용가능,,7kW,,"('36.508252399999904', '127.26139389999989')","(978762.0463894925, 1834497.6825392263)"
세종시 씨즈파크뷰,1,AC완속,세종특별자치시 ,국책연구원3로 ,세종특별자치시 국책연구원3로 6지하1층주차장,24시간 이용가능,,,,"('36.49194890000005', '127.30349219999934')","(982559.0403031392, 1832682.8788935759)"
세종시 조치원신흥푸르지오105동,1,AC완속,세종특별자치시 ,조치원읍 ,세종특별자치시 조치원읍 도원1로 16지하1층 105동 B09 기둥(398 푸르지오1차 지하1층 105동 B09 기둥),24시간 이용가능,,7kW,,"('36.59232300000019', '127.28753990000007')","(981120.2461949048, 1843855.8958905847)"
세종시 한국해양교통안전공단세종지사,1,AC완속,세종특별자치시 ,아름서길 ,세종특별자치시 아름서길 27지하1층(1305 한국해양교통안전공단 지하1층),비개방(관용차량전용),관용차량전용,7kW,비개방(관용차량전용),"('36.51446099999966', '127.24227019999977')","(977037.2125480352, 1835188.7850579522)"
세종시조치원청사,1,AC완속,세종특별자치시 ,조치원읍 ,세종특별자치시 조치원읍 군청로 93 (신흥리     세종시조치원청사),09시~18시,,,관용차 충전 시 사용이 제한될 수 있습니다.,"('36.592895100000234', '127.29149219999951')","(981476.7180487083, 1843919.5784842463)"
세종특별자치시 이마트(세종점),1,AC완속,세종특별자치시 ,금송로 ,세종특별자치시 금송로 687 본관3층,10:00~23:00,,,,"('36.47115679999972', '127.24893890000018')","(977638.6860829251, 1830368.4323709486)"
연기금남신성미소지움아파트,1,AC완속,세종특별자치시 ,금남면 ,"세종특별자치시 금남면 용포2길 57-15 (용포리, 신성미소지움아파트)지하주차장 기계실앞",,,,입주민 등 거주자 외 출입 제한,"('36.465016899999796', '127.27726550000014')","(980193.5618806543, 1829684.9771065032)"
조치원신흥주공아파트,1,AC완속,세종특별자치시 ,조치원읍 ,세종특별자치시 조치원읍 이화로 5 (신흥리     신흥주공아파트),24시간 이용가능,,,,"('36.59408449999967', '127.28754429999954')","(981120.6430463501, 1844051.9750527823)"
케이티세종빌딩,11,AC완속,세종특별자치시 ,연서면 ,"세종특별자치시 연서면 아홉거리길 100 (월하리, KT세종지점)",,사업장 거주자외 출입제한,,,"('36.59410259999994', '127.28356239999944')","(980761.5014642596, 1844053.989831602)"
기아 세종시청갤러리(기아차전용),1,DC콤보,세종특별자치시 ,소담로 ,세종특별자치시 소담로 70(566 레전드타워),24시간 이용가능,기아차량 충전 전용,100kW,,"('36.485246099999905', '127.3035049999995')","(982560.1947802254, 1831936.7651219056)"
세종충남대학교병원(회원전용),1,DC차데모+AC3상+DC콤보,세종특별자치시 ,보듬7로 ,세종특별자치시 보듬7로 20세종충남대학교병원(407 세종충남대학교병원),24시간 이용가능,,50kW,,"('36.51950680000026', '127.25390399999984')","(978086.505935023, 1835750.4519537955)"
에이블빌딩,1,DC차데모+AC3상+DC콤보,세종특별자치시 ,집현동로 ,세종특별자치시 집현동로 77(집현동 0),24시간 이용가능,,50kW,,"('36.491195099999715', '127.32436479999996')","(984441.6135938743, 1832598.9705923703)"
현대 세종청사지점(현대차 전용),1,DC콤보,세종특별자치시 ,한누리대로 ,세종특별자치시 한누리대로 296(762 밀레니엄),24시간 이용가능,,100kW,,"('36.49071070000002', '127.25670079999938')","(978338.7591750848, 1832545.0502142059)"
NH농협세종통합센터,1,AC완속,세종특별자치시 ,,세종특별자치시 한누리대로486지하3층주차장(어진동 550),24시간 이용가능,,,,"('36.50694369999999', '127.26199109999988')","(978815.9099603542, 1834352.0062408282)"
가재마을5단지,1,AC완속,세종특별자치시 ,도움1로 ,세종특별자치시 도움1로 105 가재마을5단지지하 1층주차장 510동,24시간 이용가능,거주자외 출입제한,,,"('36.50077029999975', '127.24325469999987')","(977126.0080696695, 1833664.821965882)"
도램마을14단지(한림풀에버),1,AC완속,세종특별자치시 ,보듬2로 ,"세종특별자치시 보듬2로 42(도담동, 도램마을14단지)(858 도램마을14단지)",24시간 이용가능,거주자외 출입제한,,,"('36.509862699999694', '127.26374369999931')","(978973.9831255651, 1834676.9310631773)"
비오케이랜드,1,AC완속,세종특별자치시 ,국책연구원로 ,세종특별자치시 국책연구원로 15(반곡동)(771-76 한국법제연구원),24시간 이용가능,시설 상황에 따라 이용이 제한될 수 있음,,,"('36.492337000000155', '127.30154249999934')","(982383.1899948483, 1832726.079758119)"
세종가락13단지 아파트,1,AC완속,세종특별자치시 ,마음로 ,"세종특별자치시 마음로 182(고운동, 가락마을13단지)(1401 가락마을13단지)",24시간 이용가능,거주자외 출입제한,,,"('36.51385919999983', '127.22941239999993')","(975877.5222911151, 1835121.7964460796)"
세종서비스기아오토큐,1,AC완속,세종특별자치시 ,조치원읍 ,세종특별자치시 조치원읍 번암공단2길 2지상주차장,24시간 이용가능,,,,"('36.58290919999999', '127.2939287999998')","(981696.4835825001, 1842808.0105555374)"
세종시도램마을,1,AC완속,세종특별자치시 ,보듬4로 ,세종특별자치시 보듬4로 20세종시도램마을(853 도램마을10단지),주중/주말 : 00시~24시,,,,"('36.51420640000002', '127.25755629999962')","(978415.9197324964, 1835160.4445784516)"
세종호려울마을9단지,1,AC완속,세종특별자치시 ,남세종로 ,"세종특별자치시 남세종로 384(보람동, 호려울마을9단지)(774 호려울마을9단지)",24시간 이용가능,거주자외 출입제한,,,"('36.4804917000002', '127.29373839999933')","(981679.3107360199, 1831407.5350515267)"
에스지디엔씨,1,AC완속,세종특별자치시 ,세종로 ,세종특별자치시 세종로 1234-16(아름동)(아름동 1309),09:00~18:00,사업장 거주자외 출입제한,,,"('36.51256900000012', '127.24262209999965')","(977068.9516481365, 1834978.1794519918)"
조치원중학교,1,AC완속,세종특별자치시 ,조치원읍 ,세종특별자치시 조치원읍 조치원중고길 10-1조치원중학교(30-11 조치원중학교),24시간 이용가능,,,,"('36.595695299999896', '127.28430099999945')","(980828.1183990212, 1844231.2792336547)"
한국토지주택공사세종특별본부,1,AC완속,세종특별자치시 ,가름로 ,세종특별자치시 가름로 238-3한국토지주택공사세종특별본부(LH 세종특별본부),24시간 이용가능,,7kW,,"('36.49490139999968', '127.26133869999983')","(978757.0677071164, 1833011.5327263821)"
해들마을1단지,1,AC완속,세종특별자치시 ,대평1길 ,"세종특별자치시 대평1길 27(대평동, 해들마을1단지)(707 해들마을1단지)",24시간 이용가능,시설 상황에 따라 이용이 제한될 수 있음,,,"('36.469292800000154', '127.27497019999939')","(979986.5406913671, 1830160.943549853)"
해들마을3단지아파트,1,AC완속,세종특별자치시 ,대평1길 ,세종특별자치시 대평1길 38해들마을3단지아파트,24시간 이용가능,시설 상황에 따라 이용이 제한될 수 있음,,,"('36.471416299999724', '127.27415679999949')","(979913.1772812291, 1830397.3182878415)"
호려울5단지,1,AC완속,세종특별자치시 ,남세종로 ,"세종특별자치시 남세종로 441(보람동, 호려울마을5단지)(783 호려울마을5단지)",24시간 이용가능,시설 상황에 따라 이용이 제한될 수 있음,,,"('36.47632640000016', '127.2890611999997')","(981257.4575986783, 1830943.879908437)"
호려울마을10단지아파트,1,AC완속,세종특별자치시 ,시청대로 ,세종특별자치시 시청대로 210호려울마을10단지아파트(713 호려울마을10단지),24시간 이용가능,거주자외 출입제한,,,"('36.48234669999978', '127.29013889999943')","(981354.6591564562, 1831614.022048917)"
호려울마을4단지,1,AC완속,세종특별자치시 ,남세종로 ,"세종특별자치시 남세종로 469(보람동, 호려울마을4단지)(784 호려울마을4단지)",24시간 이용가능,시설 상황에 따라 이용이 제한될 수 있음,,,"('36.47542289999967', '127.2844832999997')","(980844.5606779603, 1830843.30793955)"
호려울마을4단지,1,AC완속,세종특별자치시 ,남세종로 ,세종특별자치시 남세종로 469호려울마을4단지,24시간 이용가능,거주자외 출입제한,,,"('36.475615199999936', '127.28454820000013')","(980850.4142375247, 1830864.7135727908)"
가락마을11단지아파트,1,AC완속,세종특별자치시 ,마음로 ,세종특별자치시 마음로 152(1409 가락마을11단지),24시간 이용가능,외부인 사용불가,7kW,입주민만이용가능,"('36.51145659999968', '127.22956589999961')","(975891.3669965914, 1834854.3540417284)"
가락마을5단지,1,AC완속,세종특별자치시 ,마음안로 ,"세종특별자치시 마음안로 34 (고운동, 가락마을5단지)","24시간 이용가능,입주민만 사용가능 거주자외출입제한",,,입주민만 사용가능 거주자외 출입제한,"('36.50742049999987', '127.23726800000016')","(976586.0465163046, 1834405.0806345495)"
고운동주민센터,1,AC완속,세종특별자치시 ,마음로 ,세종특별자치시 마음로 284(1382 고운동복합커뮤니티센터),평일 09시~18시 이용가능,,,,"('36.51968629999961', '127.23558679999945')","(976434.4131683932, 1835770.432770996)"
금남면사무소,1,AC완속,세종특별자치시 ,금남면 ,세종특별자치시 금남면 용포로 57(122-1 금남면사무소),평일 09시~18시 이용가능,,,,"('36.4639498000001', '127.27989979999927')","(980431.1586734832, 1829566.1942089822)"
대평동주민센터,1,AC완속,세종특별자치시 ,대평1길 ,세종특별자치시 대평1길 10(710 대평동복합커뮤니티센터),평일 09시~18시 이용가능,,,,"('36.471015900000175', '127.27826949999962')","(980284.1161758964, 1830352.748264294)"
도담동주민센터,1,AC완속,세종특별자치시 ,보람로 ,세종특별자치시 보람로 77(645 도담동주민센터),평일 09시~18시 이용가능,,,,"('36.5154555000001', '127.26086249999996')","(978714.1175523311, 1835299.486577651)"
새뜸마을10단지아파트,1,AC완속,세종특별자치시 ,새롬중앙로 ,"세종특별자치시 새롬중앙로 90 (새롬동, 새뜸마을10단지)새뜸마을10단지아파트","24시간 이용가능,입주민만 사용가능 거주자외출입제한",,,입주민만 사용가능 거주자외 출입제한,"('36.48890949999959', '127.24935789999981')","(977676.4771682756, 1832344.5518962159)"
세종 가락마을16단지1,1,AC완속,세종특별자치시 ,만남로 ,세종특별자치시 만남로 187(1395 가락마을16단지),24시간 이용가능,외부인 사용불가,7kW,외부인 사용불가,"('36.516167100000295', '127.23752909999975')","(976609.596044654, 1835378.6974387916)"
세종 가온마을5단지1,1,AC완속,세종특별자치시 ,다정서로 ,세종특별자치시 다정서로 60(946 가온마을5단지),24시간 이용가능,외부인 사용불가,7kW,외부인 사용불가,"('36.49528149999999', '127.24446210000004')","(977234.9077271863, 1833053.8430809863)"
세종 계룡아파트,1,AC완속,세종특별자치시 ,조치원읍 ,세종특별자치시 조치원읍 새내로 143(11-1 계룡아파트),24시간 이용가능,외부인 사용불가,7kW,외부인 사용불가,"('36.604582999999856', '127.29663339999983')","(981940.4209799508, 1845220.6024072994)"
세종 대원네스트빌아파트,1,AC완속,세종특별자치시 ,연서면 ,세종특별자치시 연서면 당산로 290101동 102동사이 지하주차장 출입구 좌측,"24시간 이용가능,입주민만 사용가능 거주자외출입제한",,,입주민만 사용가능 거주자외 출입제한,"('36.559373599999745', '127.27901069999986')","(980350.9676138338, 1840188.174772829)"
세종 범지기마을10단지 1001동,1,AC완속,세종특별자치시 ,달빛로 ,세종특별자치시 달빛로 211(1277 범지기마을10단지),24시간 이용가능 (외부인 이용불가),외부인 사용불가,7kW,,"('36.51725149999985', '127.2480697999997')","(977560.298893603, 1835499.40606409)"
세종 새샘마을2단지1,1,AC완속,세종특별자치시 ,남세종로 ,세종특별자치시 남세종로 358(594 새샘마을2단지),24시간 이용가능,외부인 사용불가,7kW,외부인 사용불가,"('36.48220770000011', '127.29679159999944')","(981954.6895949694, 1831598.5494383639)"
세종 새샘마을6단지1,1,AC완속,세종특별자치시 ,남세종로 ,"세종특별자치시 남세종로 302 (소담동, 새샘마을6단지)","24시간 이용가능,입주민만 사용가능 거주자외출입제한",,,입주민만 사용가능 거주자외 출입제한,"('36.48353730000011', '127.30005589999945')","(982249.1083062362, 1831746.5521940468)"
세종 새샘마을9단지아파트,1,AC완속,세종특별자치시 ,국책연구원1로 ,"세종특별자치시 국책연구원1로 15 (소담동, 새샘마을9단지)새샘마을9단지 지하6층 A36과A35기둥 사이","24시간 이용가능,입주민만 사용가능 거주자외출입제한",,,입주민만 사용가능 거주자외 출입제한,"('36.48992880000015', '127.29801700000017')","(982065.2127359189, 1832458.01399681)"
세종 센트럴시티아파트(201동),1,AC완속,세종특별자치시 ,갈매로 ,"세종특별자치시 갈매로 480 (어진동, 한뜰마을2단지)","24시간 이용가능,입주민만 사용가능 거주자외출입제한",,,입주민만 사용가능 거주자외 출입제한,"('36.50606309999965', '127.26708499999941')","(979275.3467379727, 1834253.9833567245)"
세종 조치원목화아파트,1,AC완속,세종특별자치시 ,조치원읍 ,세종특별자치시 조치원읍 새내17길 7(12-1 조치원목화아파트),24시간 이용가능,외부인 사용불가,7kW,외부인 사용불가,"('36.604575099999785', '127.29605080000013')","(981887.8742345242, 1845219.723028704)"
세종 첫마을2단지아파트,1,AC완속,세종특별자치시 ,노을1로 ,세종특별자치시 노을1로 16(946 첫마을2단지),24시간 이용가능,외부인 사용불가,7kW,외부인 사용불가,"('36.48056839999958', '127.2594606999999')","(978587.6842743028, 1831416.072815718)"
세종 첫마을아파트1단지 1,1,AC완속,세종특별자치시 ,노을3로 ,"세종특별자치시 노을3로 14 (한솔동, 첫마을1단지)","24시간 이용가능,입주민만 사용가능 거주자외출입제한",,,입주민만 사용가능 거주자외 출입제한,"('36.481003300000204', '127.25621479999961')","(978294.9251238006, 1831464.4831635964)"
세종 첫마을아파트4단지,1,AC완속,세종특별자치시 ,누리로 ,"세종특별자치시 누리로 119 (한솔동, 첫마을4단지)","24시간 이용가능,입주민만 사용가능 거주자외출입제한",,,입주민만 사용가능 거주자외 출입제한,"('36.48064060000019', '127.24997580000014')","(977732.2077450578, 1831424.1096681934)"
세종 해들마을4단지,1,AC완속,세종특별자치시 ,대평로 ,세종특별자치시 대평로 34(704 해들마을4단지),24시간 이용가능,외부인 사용불가,7kW,외부인 사용불가,"('36.47182310000014', '127.27826039999931')","(980283.2954148252, 1830442.6007194547)"
세종시 부강면사무소,1,AC완속,세종특별자치시 ,부강면 ,세종특별자치시 부강면 부강5길 38(138 부강면사무소),평일 09시~18시 이용가능,,,,"('36.52951729999983', '127.37059999999971')","(988611.7290854166, 1836864.7582005626)"
세종시 연동면사무소,1,AC완속,세종특별자치시 ,연동면 ,세종특별자치시 연동면 내송길 20(내판리 9),평일 09시~18시 이용가능,,,,"('36.55896970000018', '127.32616679999985')","(984604.1423190744, 1840143.215151172)"
세종시 호려울마을1단지 1,1,AC완속,세종특별자치시 ,남세종로 ,"세종특별자치시 남세종로 503 (보람동, 호려울마을1단지)","24시간 이용가능,입주민만 사용가능 거주자외출입제한",,,입주민만 사용가능 거주자외 출입제한,"('36.47401620000013', '127.28341800000008')","(980748.4775198558, 1830686.7228941591)"
소담동주민센터,1,AC완속,세종특별자치시 ,한누리대로 ,세종특별자치시 한누리대로 2023(579 소담동주민센터),평일 09시~18시 이용가능,,,,"('36.48409689999988', '127.2993209999993')","(982182.8250874897, 1831808.8433658623)"
아름동주민센터,1,AC완속,세종특별자치시 ,보듬3로 ,세종특별자치시 보듬3로 114(1286 아름동행정복지센터),평일 09시~18시 이용가능,,,,"('36.51218010000023', '127.24615549999994')","(977387.6414359846, 1834934.8895364767)"
장군면사무소,1,AC완속,세종특별자치시 ,장군면 ,세종특별자치시 장군면 장척로 400-1(167 장군면사무소),평일 09시~18시 이용가능,,,,"('36.49677069999987', '127.2052474000001')","(973697.9958512398, 1833219.6115103976)"
종촌동주민센터,1,AC완속,세종특별자치시 ,도움3로 ,세종특별자치시 도움3로 125(677 종촌동주민센터),평일 09시~18시 이용가능,,,,"('36.50449039999974', '127.24655469999972')","(977423.6466896291, 1834078.9202295814)"
한솔동주민센터,1,AC완속,세종특별자치시 ,노을3로 ,세종특별자치시 노을3로 85(964 한솔동주민센터),평일 09시~18시 이용가능,,,,"('36.479332300000024', '127.25418679999987')","(978112.0126628226, 1831278.4778952654)"
(세종시)다정동 복합커뮤니티센터,1,DC차데모+AC3상+DC콤보,세종특별자치시 ,다정중앙로 ,세종특별자치시 다정중앙로 40다정동 복합커뮤니티센터 지하 1층,24시간 이용가능,,,,"('36.494043599999685', '127.24909769999985')","(977653.0088140622, 1832916.0477957085)"
4-1생활권 복합커뮤니티센터,1,DC차데모+AC3상+DC콤보,세종특별자치시 ,반곡로 ,세종특별자치시 반곡로 39반곡동 복합커뮤니티센터(반곡동 복합커뮤니티센터),09:00~18:00,,50kW,,"('36.498773199999704', '127.30648599999992')","(982829.0616669718, 1833442.51728524)"
고려대학교 세종캠퍼스(기숙사),1,AC완속,세종특별자치시 ,조치원읍 ,세종특별자치시 조치원읍 세종로 2511고려대학교 세종캠퍼스(208 고려대학교세종캠퍼스),24시간 이용가능,,,,"('36.61018220000009', '127.28152169999998')","(980577.4435455881, 1845843.8703297232)"
국민건강보험공단대전지역본부,1,AC완속,세종특별자치시 ,세종로 ,세종특별자치시 세종로 1234-5국민건강보험공단 대전충청지역본부(국민건강보험공단 세종),09:00~18:00,,,,"('36.513311599999916', '127.23780900000001')","(976634.841211263, 1835060.841039191)"
농림수산식품교육문화정보원,1,DC차데모+AC3상+DC콤보,세종특별자치시 ,국책연구원5로 ,세종특별자치시 국책연구원5로 19농림수산식품교육문화정보원(772-3 농림수산식품교육문화정보원),09:00~18:00(시설상황에 따라 이용제한가능),시설 상황에 따라 이용이 제한될 수 있음,50kW,,"('36.492984199999604', '127.3014539000001')","(982375.1988489378, 1832798.1220139829)"
메가타워2,1,AC완속,세종특별자치시 ,나성북1로 ,세종특별자치시 나성북1로 12,08:30~18:30,,,,"('36.49099399999972', '127.25708819999998')","(978373.7001452537, 1832576.5853982016)"
서창점현대자동차,1,AC완속,세종특별자치시 ,조치원읍 ,세종특별자치시 조치원읍 새내로 197-4현대블루핸즈 서창점(서창리 93-14),09:00~18:00,,,,"('36.60976409999969', '127.29214419999954')","(981535.524224536, 1845797.33005279)"
세종 조치원중학교,1,DC차데모+AC3상+DC콤보,세종특별자치시 ,조치원읍 ,세종특별자치시 조치원읍 조치원중고길 10-1세종 조치원중학교(30-11 조치원중학교),09:00~18:00,,,,"('36.595695299999896', '127.28220889999935')","(980639.4245333018, 1844231.2792336547)"
세종 포스힐,1,AC완속,세종특별자치시 ,고운마을4길 ,세종특별자치시 고운마을4길 16세종 포스힐,09:00~18:00,거주자외 출입제한,,,"('36.51846670000024', '127.22772269999989')","(975725.1222983332, 1835634.67452736)"
세종남부경찰서,1,AC완속,세종특별자치시 ,시청대로 ,세종특별자치시 시청대로 190세종남부경찰서(715 세종남부경찰서),24시간 이용가능,,7kW,,"('36.48094519999974', '127.28853179999992')","(981209.709148573, 1831458.0158349457)"
세종드림빌딩관리사무소,1,AC완속,세종특별자치시 ,시청대로 ,세종특별자치시 시청대로 167,09:00~18:00,,,,"('36.481378999999585', '127.28944549999957')","(981292.1189688661, 1831506.3037376176)"
세종세무서,1,DC콤보,세종특별자치시 ,시청대로 ,세종특별자치시 시청대로 126세종세무서(세종 세무서),09:00~18:00,실외(부분개방)_일부 이용자 제한 가능,100kW,,"('36.47885049999969', '127.2817860999994')","(980601.2907125411, 1831224.846932767)"
세종아트센터,1,DC차데모+AC3상+DC콤보,세종특별자치시 ,국립박물관로 ,세종특별자치시 국립박물관로 21세종예술의전당(예술의 전당),09:00~18:00,,50kW,,"('36.48663399999961', '127.26310279999976')","(978916.1780978659, 1832091.257468904)"
세종테크노파크,1,DC차데모+AC3상+DC콤보,세종특별자치시 ,집현중앙7로 ,세종특별자치시 집현중앙7로 3세종산학연클러스터 지원센터(산학연클러스터 지원센터),24시간 이용가능(입주기관 및 관계자만 이용가능),입주기관 및 관계자만 이용가능,50kW,,"('36.49945840000017', '127.32469779999964')","(984471.6480364067, 1833518.7894635368)"
포르쉐 데스티네이션 홈플러스 세종점,1,AC완속,세종특별자치시 ,절재로 ,세종특별자치시 절재로 154홈플러스 세종점(홈플러스 세종점),10:00~24:00,,7kW,,"('36.50733989999981', '127.25465219999974')","(978153.988727579, 1834396.1087466765)"
한국농어촌공사 세종대전금산지사,1,AC완속,세종특별자치시 ,연서면 ,세종특별자치시 연서면 세종로 2119,09:00~18:00,,,,"('36.576614299999996', '127.2910448999998')","(981436.3744867003, 1842107.3016605705)"
해밀동 복합커뮤니티센터,1,AC완속,세종특별자치시 ,해밀1로 ,세종특별자치시 해밀1로 45해밀동 복합커뮤니티센터(해밀동 복합커뮤니티센터),09:00~18:00,,7kW,,"('36.52691879999968', '127.26367809999927')","(978968.0664305703, 1836575.509433516)"
행정안전부 정부청사관리본부 세종청사 10동,1,DC콤보,세종특별자치시 ,도움4로 ,세종특별자치시 도움4로 13정부세종청사 10동 옥외주차장(568 보건복지부 정부세종청사 10동 옥외주차장),09:00~18:00,,200kW,위탁운영,"('36.502580400000085', '127.2609444')","(978721.5044017214, 1833866.3109761942)"
행정안전부 정부청사관리본부 세종청사 11동,1,DC콤보,세종특별자치시 ,한누리대로 ,세종특별자치시 한누리대로 422정부세종청사 11동(581 고용노동부 정부세종청사 11동),09:00~18:00,,200kW,위탁운영,"('36.50127439999959', '127.25734439999961')","(978396.8077253524, 1833720.935224844)"
세종아름드리주차타워(우수건설),1,DC콤보,세종특별자치시 ,아름서1길 ,세종특별자치시 아름서1길 13-6아름드리주차타워3층(1331 아름드리타워),24시간 이용가능,,50kW,,"('36.51130089999977', '127.2429480000001')","(977098.3457167372, 1834837.0224916025)"
케이티온(세종),1,DC콤보,세종특별자치시 ,다정중앙로 ,세종특별자치시 다정중앙로 52(933 페스티발2),24시간 이용가능,시설 상황에 따라 이용이 제한될 수 있음,,,"('36.49518660000011', '127.24898879999937')","(977643.1867395595, 1833043.2794065755)"
현다이엔지세종사옥,1,DC콤보,세종특별자치시 ,집현중앙4로 ,세종특별자치시 집현중앙4로 16현다이엔지 세종사옥(집현동 산44),24시간 이용가능,시설 상황에 따라 이용이 제한될 수 있음,,,"('36.496597800000124', '127.33057370000009')","(985001.6161476887, 1833200.3653638724)"
세종 강남프라자1 충전소,1,AC완속,세종특별자치시 ,시청대로 ,세종특별자치시 시청대로 127(보람동)(705 강남프라자),24시간 이용가능,시설 상황에 따라 이용이 제한될 수 있음,7kW,,"('36.47968169999984', '127.28552819999943')","(980938.8038882415, 1831317.3709178346)"
세종 금남프라자,1,AC완속,세종특별자치시 ,호려울로 ,세종특별자치시 호려울로 45B3층 전기실 앞(745 금남프라자),24시간 이용가능,시설 상황에 따라 이용이 제한될 수 있음,7kW,,"('36.47822629999965', '127.28949819999988')","(981296.8721674614, 1831155.3648929782)"
세종 리버피크닉1 충전소,1,AC완속,세종특별자치시 ,시청대로 ,세종특별자치시 시청대로 137(보람동)(706 리버피크닉),24시간 이용가능,시설 상황에 따라 이용이 제한될 수 있음,7kW,,"('36.479997999999775', '127.28625830000007')","(981004.6541781301, 1831352.57945545)"
세종 해들마을6단지 1충전소,1,AC완속,세종특별자치시 ,대평로 ,"세종특별자치시 대평로 80(대평동, 해들마을 6단지)(해들마을 6단지)",24시간 이용가능,거주자외 출입제한,7kW,,"('36.47492990000013', '127.27422759999996')","(979919.5629825728, 1830788.430263193)"
세종개발(세종필드골프클럽),1,AC완속,세종특별자치시 ,정안세종로 ,세종특별자치시 정안세종로 1569메인골프장,24시간 이용가능/시설 상황에 따라 이용이 제한될 수 있습니다,시설 상황에 따라 이용이 제한될 수 있음,7kW,,"('36.53597720000008', '127.24089119999978')","(976912.8356822964, 1837583.8338635243)"
세종리슈빌S,1,AC완속,세종특별자치시 ,한누리대로 ,세종특별자치시 한누리대로 496지하3층주차장 08기둥(세종 리슈빌S),24시간 이용가능,,7kW,,"('36.507805399999626', '127.2617048')","(978790.0875552451, 1834447.9252950689)"
세종시 새뜸마을 12단지,1,AC완속,세종특별자치시 ,새롬남로 ,세종특별자치시 새롬남로 102B1주차장 입구(614 새뜸마을12단지),24시간 이용가능,거주자외 출입제한,7kW,,"('36.48445770000006', '127.25655059999953')","(978325.2121082133, 1831849.0053651682)"
세종시 새뜸마을 9단지,1,AC완속,세종특별자치시 ,새롬남로 ,세종특별자치시 새롬남로 98단지내 주차장(611 새뜸마을9단지),24시간 이용가능,거주자외 출입제한,7kW,,"('36.48401030000008', '127.25550049999937')","(978230.499891583, 1831799.2035955463)"
세종시2차푸르지오시티1,1,AC완속,세종특별자치시 ,가름로 ,세종특별자치시 가름로 255-21지하1층주차장(2차 푸르지오시티),24시간 이용가능,,7kW,,"('36.49547480000018', '127.26654159999941')","(979226.3355785507, 1833075.3600279642)"
세종푸르지오시티1차1,1,AC완속,세종특별자치시 ,갈매로 ,세종특별자치시 갈매로 364지하2층 휀룸옆 A기둥(세종시 푸르지오시티),24시간 이용가능,,7kW,,"('36.49599840000026', '127.26293189999953')","(978900.7640250716, 1833133.6439049854)"
콘티넨탈,1,AC완속,세종특별자치시 ,부강면 ,세종특별자치시 부강면 금호선말길 74-7(금호리)(금호리 249),24시간 이용가능,시설 상황에 따라 이용이 제한될 수 있음,7kW,,"('36.497939599999654', '127.36029499999994')","(987682.2848494312, 1833349.726147195)"
해피라움블루,1,AC완속,세종특별자치시 ,대평3길 ,세종특별자치시 대평3길 18B1층 26기둥(674 해피라움블루),24시간 이용가능/시설 상황에 따라 이용이 제한될 수 있습니다,시설 상황에 따라 이용이 제한될 수 있음,7kW,,"('36.4737112999997', '127.2744657999999')","(979941.0470793183, 1830652.783333185)"
(급속)세종고운뜰PARK 가락마을8단지,1,DC차데모+AC3상+DC콤보,세종특별자치시 ,만남로 ,세종특별자치시 만남로 92(1706 가락마을8단지),09:00~18:00,거주자외 출입제한,50kW,,"('36.50705740000009', '127.23799990000006')","(976652.0591544652, 1834364.6626136748)"
(주)포스코케미칼,1,AC완속,세종특별자치시 ,전의면 ,세종특별자치시 전의면 산단길 22-64(관정리 743),24시간 이용가능,방문자외 출입제한,,,"('36.69594110000018', '127.21126849999996')","(974241.0600617473, 1855390.0146771632)"
㈜장남 새뜸마을8단지아파트관리사무소,1,AC완속,세종특별자치시 ,새롬중앙로 ,세종특별자치시 새롬중앙로 20(607 새뜸마을8단지),24시간 이용가능,거주자 외 출입제한,,,"('36.483650500000095', '127.25181550000003')","(977898.1367660067, 1831759.1529100074)"
가락마을19단지,1,AC완속,세종특별자치시 ,밝은뜰로 ,세종특별자치시 밝은뜰로 15,24시간 이용가능,거주자외 출입제한,,,"('36.52354490000013', '127.23115609999999')","(976034.792734044, 1836199.9479884712)"
가락마을2단지세종힐데스하임아파트,1,AC완속,세종특별자치시 ,마음로 ,세종특별자치시 마음로 49(1731 가락마을2단지),24시간 이용가능,거주자 외 출입제한,7kW,,"('36.50300899999968', '127.2334226999997')","(976239.2253691776, 1833914.020047363)"
가락마을9단지,1,AC완속,세종특별자치시 ,마음로 ,세종특별자치시 마음로 151지하2층 110번 기둥 뒤,24시간 이용가능,거주자외 출입제한,7kW,,"('36.51111559999977', '127.22643509999939')","(975608.9891203864, 1834816.396054608)"
가온마을10단지 입주자대표회의,1,AC완속,세종특별자치시 ,가온로 ,세종특별자치시 가온로 9(가온마을 10단지),24시간 이용가능,거주자외 출입제한,7kW,,"('36.49197949999983', '127.25225349999943')","(977937.6415282391, 1832686.2850941562)"
가온마을12단지더하이스트아파트,1,AC완속,세종특별자치시 ,다정남로 ,세종특별자치시 다정남로 123(926 가온마을12단지),24시간 이용가능,거주자 외 출입제한,,,"('36.49401409999983', '127.25185159999988')","(977901.3927521083, 1832912.7640402399)"
가온마을1단지아파트 입주자대표회의,1,AC완속,세종특별자치시 ,다정남로 ,세종특별자치시 다정남로 22(960 가온마을1단지),24시간 이용가능,거주자외 출입제한,7kW,,"('36.4914252000001', '127.2398008999999')","(976814.4976861393, 1832624.5838851952)"
가온마을3단지,1,AC완속,세종특별자치시 ,다정북로 ,세종특별자치시 다정북로 109,24시간 이용가능,거주자외 출입제한,,,"('36.49758990000023', '127.23838779999936')","(976687.0452212767, 1833310.7997305454)"
가재마을7단지입주자대표회의,1,AC완속,세종특별자치시 ,달빛로 ,세종특별자치시 달빛로 77(가재마을 7단지),24시간 이용가능,거주자외 출입제한,,,"('36.50662040000022', '127.24557749999975')","(977335.5095807117, 1834316.0185070154)"
고운동가락마을1단지,1,AC완속,세종특별자치시 ,마음로 ,세종특별자치시 마음로 67(1729 가락마을1단지),24시간 이용가능,거주자외 출입제한,,,"('36.50366259999994', '127.2316341')","(976077.9052371795, 1833986.7747112869)"
나릿재마을2단지세종리더스포레아파트,1,AC완속,세종특별자치시 ,중앙공원서로 ,세종특별자치시 중앙공원서로 10(263 나릿재마을2단지),24시간 이용가능,거주자외 출입제한,3kW,,"('36.4882669000002', '127.26413849999963')","(979009.5915277654, 1832273.021683586)"
도램마을 2단지3단지 입주자대표회의(2단지),1,AC완속,세종특별자치시 ,다솜1로 ,세종특별자치시 다솜1로 164(685 도램마을2단지),24시간 이용가능,거주자외 출입제한,,,"('36.51268190000017', '127.25548489999989')","(978229.0928726986, 1834990.7467738357)"
도램마을 2단지3단지 입주자대표회의(3단지),1,AC완속,세종특별자치시 ,다솜1로 ,세종특별자치시 다솜1로 184(683 도램마을3단지),24시간 이용가능,거주자외 출입제한,,,"('36.514027699999716', '127.25534550000003')","(978216.519895856, 1835140.5528121416)"
도램마을10단지 입주자대표회의,1,AC완속,세종특별자치시 ,보듬4로 ,세종특별자치시 보듬4로 20(853 도램마을10단지),24시간 이용가능,거주자외 출입제한,7kW,,"('36.5117880999996', '127.25940839999963')","(978582.9671531188, 1834891.254548269)"
도램마을12단지아파트,1,AC완속,세종특별자치시 ,보듬4로 ,세종특별자치시 보듬4로 19,24시간 이용가능,거주자외 출입제한,,,"('36.51357979999962', '127.26081489999963')","(978709.8243406921, 1835090.6953856337)"
도램마을4단지 입주자대표회의,1,AC완속,세종특별자치시 ,다솜1로 ,세종특별자치시 다솜1로 200(도램마을 4단지),24시간 이용가능,,,,"('36.515545200000076', '127.25525309999958')","(978208.1860144559, 1835309.471420597)"
두진리버빌아파트입주자대표회의,1,AC완속,세종특별자치시 ,금남면 ,세종특별자치시 금남면 용포2길 70(320 금남두진리버빌아파트),24시간 이용가능,거주자외 출입제한,,,"('36.4628486000002', '127.27791439999945')","(980252.0884565008, 1829443.615512725)"
범지기마을11단지아파트 입주자대표회의,1,AC완속,세종특별자치시 ,보듬3로 ,세종특별자치시 보듬3로 73(범지기마을 11단지),24시간 이용가능,거주자외 출입제한,,,"('36.51050460000026', '127.24914059999934')","(977656.8781160754, 1834748.3833563155)"
범지기마을4단지아파트,1,AC완속,세종특별자치시 ,달빛로 ,세종특별자치시 달빛로 109(범지기마을 4단지),24시간 이용가능,거주자외 출입제한,,,"('36.508817699999874', '127.2464036999998')","(977410.0274679348, 1834560.608199412)"
새뜸마을13단지아파트 입주자대표회의,1,AC완속,세종특별자치시 ,새롬로 ,세종특별자치시 새롬로 32(새뜸마을 13단지),24시간 이용가능,거주자외 출입제한,,,"('36.4879080999999', '127.25465600000004')","(978154.3314629867, 1832233.0823117576)"
새뜸마을14단지아파트,1,AC완속,세종특별자치시 ,새롬로 ,세종특별자치시 새롬로 56,24시간 이용가능,거주자외 출입제한,,,"('36.48980019999993', '127.25407000000008')","(978101.4780595652, 1832443.6990491461)"
새뜸마을1단지,1,AC완속,세종특별자치시 ,새롬남로 ,세종특별자치시 새롬남로 18(601 새뜸마을1단지),24시간 이용가능,거주자외 출입제한,7kW,,"('36.4812728000002', '127.24622210000007')","(977393.6483245081, 1831494.4822179405)"
새뜸마을4단지 입주자대표회의-1,1,AC완속,세종특별자치시 ,새롬북로 ,세종특별자치시 새롬북로 13,24시간 이용가능,거주자외 출입제한,,,"('36.48799049999996', '127.24376009999946')","(977171.5918752495, 1832242.2545643728)"
새뜸마을7단지-702동,1,AC완속,세종특별자치시 ,새롬중앙로 ,세종특별자치시 새롬중앙로 89702동 지하주차장,24시간 이용가능,거주자외 출입제한,,,"('36.48863980000002', '127.2466074999996')","(977428.4089075376, 1832314.53057917)"
새샘마을5단지 입주자대표회의,1,AC완속,세종특별자치시 ,남세종로 ,세종특별자치시 남세종로 301(598 새샘마을5단지),24시간 이용가능,거주자외 출입제한,,,"('36.48093169999961', '127.30474989999959')","(982672.47669478, 1831456.5130993703)"
세경건설㈜가재마을6단지초록지붕세경,1,AC완속,세종특별자치시 ,달빛1로 ,세종특별자치시 달빛1로 74지하1층 03기둥 뒷면,24시간 이용가능,거주자외 출입제한,7kW,,"('36.506116899999846', '127.24501679999963')","(977284.9380733618, 1834259.9720362406)"
세종럭스스퀘어,1,AC완속,세종특별자치시 ,조치원읍 ,세종특별자치시 조치원읍 세종로 2282,09:00~18:00,시설 상황에 따라 이용이 제한될 수 있음,,,"('36.5910495999999', '127.29170359999992')","(981495.7849591278, 1843714.148967352)"
세종영상의학과의원,1,AC완속,세종특별자치시 ,금남면 ,세종특별자치시 금남면 용포로 116,24시간 이용가능,,,,"('36.468882899999606', '127.28091920000004')","(980523.1019490679, 1830115.3160456147)"
세종특별자치시 교육청,1,AC완속,세종특별자치시 ,한누리대로 ,세종특별자치시 한누리대로 2154,24시간 이용가능,시설 상황에 따라 이용이 제한될 수 있음,,,"('36.478038800000206', '127.28490119999968')","(980882.252550469, 1831134.4935658062)"
세종파이낸스센터1차,1,AC완속,세종특별자치시 ,갈매로 ,세종특별자치시 갈매로 363(669 세종파이낸스센터),24시간 이용가능,거주자 외 출입제한,7kW,,"('36.496335800000146', '127.2623026999996')","(978844.014261536, 1833171.2011626195)"
세종파이낸스센터2차,1,AC완속,세종특별자치시 ,가름로 ,세종특별자치시 가름로 194(어진동 667),24시간 이용가능,거주자 외 출입제한,7kW,,"('36.49682720000019', '127.26045409999942')","(978677.2825182229, 1833225.9007370397)"
세종파이낸스센터3차,1,AC완속,세종특별자치시 ,가름로 ,세종특별자치시 가름로 180(666 세종파이낸스센터3),24시간 이용가능,거주자외 출입제한,7kW,,"('36.497419399999764', '127.25881769999974')","(978529.6898401536, 1833291.8207369288)"
수루배마을3단지아파트,1,AC완속,세종특별자치시 ,반곡로 ,세종특별자치시 반곡로 15(수루배마을 3단지),24시간 이용가능,거주자외 출입제한,3kW,,"('36.499652900000065', '127.30771039999966')","(982939.4946143104, 1833540.4399869759)"
주식회사 삼성모터스정비공장,1,AC완속,세종특별자치시 ,조치원읍 ,세종특별자치시 조치원읍 세종로 2685-21실외주차장,24시간 이용가능,,,,"('36.62731739999959', '127.28843199999973')","(981200.70783514, 1847751.2536172576)"
죽림 우방 유쉘,1,AC완속,세종특별자치시 ,조치원읍 ,세종특별자치시 조치원읍 산막길 17죽림 우방 유쉘(죽림리 72),24시간 이용가능,거주자외 출입제한,,,"('36.593700899999725', '127.29089509999997')","(981422.8634972391, 1844009.2751001113)"
죽림우방유쉘아파트,1,AC완속,세종특별자치시 ,조치원읍 ,세종특별자치시 조치원읍 산막길 17(72 우방유쉘아파트),24시간 이용가능,거주자외 출입제한,3kW,,"('36.593506300000094', '127.29311840000015')","(981623.390752948, 1843987.6134453267)"
죽림푸르지오아파트입주자대표회의,1,AC완속,세종특별자치시 ,조치원읍 ,세종특별자치시 조치원읍 죽림본로 33-6(389 죽림푸르지오),24시간 이용가능,거주자외 출입제한,,,"('36.59023750000008', '127.29358109999934')","(981665.123295136, 1843623.7510748554)"
첫마을5단지,16,AC완속,세종특별자치시 ,누리로 ,세종특별자치시 누리로 59(1045 첫마을5단지),24시간 이용가능,거주자외 출입제한,7kW,,"('36.476092799999606', '127.2471638999998')","(977478.5925827541, 1830917.877017485)"
첫마을6단지-601동,1,AC완속,세종특별자치시 ,누리로 ,세종특별자치시 누리로 28(한솔동),24시간 이용가능,거주자외 출입제한,7kW,,"('36.47619500000027', '127.25145049999949')","(977865.2161307184, 1830929.253282323)"
첫마을6단지-606동,1,AC완속,세종특별자치시 ,누리로 ,세종특별자치시 누리로 27(한솔동),24시간 이용가능,거주자외 출입제한,7kW,,"('36.474158600000045', '127.24804320000023')","(977557.8997459866, 1830702.5739714734)"
축산물품질평가원,1,AC완속,세종특별자치시 ,아름서길 ,세종특별자치시 아름서길 21,24시간 이용가능,시설 상황에 따라 이용이 제한될 수 있음,,,"('36.51342200000017', '127.24226810000003')","(977037.0231416648, 1835073.1300766948)"
태한프레스센터,1,AC완속,세종특별자치시 ,절재로 ,세종특별자치시 절재로 172(528 태한프레스센터),24시간 이용가능,거주자외 출입제한,7kW,,"('36.50807959999964', '127.25994620000009')","(978631.4732288636, 1834478.447524018)"
해들마을2단지아파트,1,AC완속,세종특별자치시 ,대평1길 ,세종특별자치시 대평1길 37,24시간 이용가능,거주자외 출입제한,,,"('36.4703661000003', '127.27431110000012')","(979927.0941416078, 1830280.4165926448)"
해들마을5단지,1,AC완속,세종특별자치시 ,대평로 ,세종특별자치시 대평로 56,24시간 이용가능,거주자외 출입제한,,,"('36.4734037999998', '127.2763821999994')","(980113.8939433085, 1830618.5543565322)"
호려울마을3단지,1,AC완속,세종특별자치시 ,시청대로 ,세종특별자치시 시청대로 78(730 호려울마을3단지),24시간 이용가능,거주자외 출입제한,7kW,,"('36.47679309999968', '127.27975569999947')","(980418.1617870956, 1830995.8300332914)"
호려울마을6단지,1,AC완속,세종특별자치시 ,보람동로 ,세종특별자치시 보람동로 13(779 호려울마을6단지),24시간 이용가능,거주자외 출입제한,,,"('36.47717369999957', '127.29214049999966')","(981535.1905085184, 1831038.1960447202)"
호려울마을7단지-1,1,AC완속,세종특별자치시 ,남세종로 ,세종특별자치시 남세종로 480,24시간 이용가능,거주자외 출입제한,,,"('36.476695099999674', '127.28468789999955')","(980863.0142723848, 1830984.921286256)"
호려울마을8단지입주자대표회의,1,AC완속,세종특별자치시 ,보람동로 ,세종특별자치시 보람동로 14(777 호려울마을8단지),24시간 이용가능,거주자외 출입제한,,,"('36.47876479999976', '127.29501539999984')","(981794.4878626436, 1831215.307344807)"
수루배마을1단지,1,AC완속,세종특별자치시 ,반곡로 ,세종특별자치시 반곡로 14B2,24시간 이용가능,거주자외 출입제한,7kW,,"('36.49800680000002', '127.30613909999951')","(982797.7735344293, 1833357.2064309164)"
명성가든,1,AC완속,세종특별자치시 ,연동면 ,세종특별자치시 연동면 응암1길 10명성가든,24시간 이용가능,,7kW,,"('36.54384530000025', '127.3350013999993')","(985400.966001452, 1838459.661542536)"
기아 도원대리점,1,AC완속,세종특별자치시 ,조치원읍 ,세종특별자치시 조치원읍 서북부로 6기아 도원대리점(침산리 54-4),09:00~18:00,입주자외 이용불가,3kW,,"('36.603322299999824', '127.28515629999967')","(980905.2609177273, 1845080.2691686605)"
도램마을 1단지,1,AC완속,세종특별자치시 ,다솜1로 ,세종특별자치시 다솜1로 140도램마을 1단지(845 도램마을1단지),09:00~18:00,해당 시설 정책에 따라 이용이 불가할 수 있습니다,3kW,,"('36.50998380000012', '127.25289589999954')","(977995.5818462711, 1834690.4111577745)"
새뜸마을4단지 캐슬앤파밀리에 아파트,1,AC완속,세종특별자치시 ,새롬북로 ,세종특별자치시 새롬북로 13새뜸마을4단지 캐슬앤파밀리에 아파트(554 새뜸마을4단지 새뜸마을4단지 캐슬앤파밀리에 아파트),"주중 08:00~19:00, 주말 09:00~18:00",해당 시설 정책에 따라 이용이 불가할 수 있습니다,3kW,,"('36.48807459999978', '127.24188629999989')","(977002.5872552564, 1832251.616050328)"
새롬동복합커뮤니티센터,1,AC완속,세종특별자치시 ,새롬중앙로 ,세종특별자치시 새롬중앙로 44,09:00~18:00,해당 시설 정책에 따라 이용이 불가할 수 있습니다.,3kW,,"('36.485173199999636', '127.25076489999937')","(977803.3794525698, 1831928.6503498468)"
세종 우체국,1,AC완속,세종특별자치시 ,시청대로 ,세종특별자치시 시청대로 180세종 우체국(716 세종우체국),09:00~18:00,해당 시설 정책에 따라 이용이 불가할 수 있습니다.,3kW,,"('36.48054880000023', '127.28347669999998')","(980753.7718795412, 1831413.8910663836)"
스마트허브 1동,1,AC완속,세종특별자치시 ,한누리대로 ,세종특별자치시 한누리대로 2150스마트허브 1동(722 스마트허브Ⅰ),09:00~18:00,해당 시설 정책에 따라 이용이 불가할 수 있습니다,3kW,,"('36.478519000000006', '127.28323159999994')","(980731.6654474902, 1831187.9464262524)"
스마트허브2,1,AC완속,세종특별자치시 ,한누리대로 ,세종특별자치시 한누리대로 2144스마트 허브2(721 스마트허브Ⅱ),09:00~18:00,해당 시설 정책에 따라 이용이 불가할 수 있습니다,3kW,,"('36.47877699999993', '127.28381410000004')","(980784.2031736011, 1831216.6653725184)"
청벽향,1,AC완속,세종특별자치시 ,장군면 ,세종특별자치시 장군면 정자말길 15-8청벽향(금암리 375),"주중 08:00~19:00, 주말 09:00~18:00",해당 시설 정책에 따라 이용이 불가할 수 있습니다.,3kW,,"('36.43869039999989', '127.21396450000017')","(974484.2217949321, 1826754.4757922175)"
한국여인생활사박물관,1,AC완속,세종특별자치시 ,조치원읍 ,세종특별자치시 조치원읍 안터길 107,24시간 이용가능,,,,"('36.62983770000006', '127.28709370000001')","(981080.0018457386, 1848031.7976494606)"
새뜸마을3단지,1,AC완속,세종특별자치시 ,새롬북로 ,세종특별자치시 새롬북로 14(597 새뜸마을3단지),24시간 이용가능,,7kW,,"('36.4852692', '127.24484840000008')","(977269.7494844315, 1831939.336469431)"
조형아파트,1,AC완속,세종특별자치시 ,조치원읍 ,세종특별자치시 조치원읍 운주산로 60(244-1 조형아파트),24시간 이용가능,,7kW,,"('36.63502299999973', '127.2883659000001')","(981194.746043422, 1848608.992812663)"
프럼파스트,1,AC완속,세종특별자치시 ,연동면 ,세종특별자치시 연동면 명학2길 30(명학리 412-1),24시간 이용가능,,7kW,,"('36.53352229999989', '127.34298810000003')","(986121.3145973166, 1837310.5697502908)"
박연 문화관1,1,DC차데모+AC3상+DC콤보,세종특별자치시 ,갈매로 ,세종특별자치시 갈매로 387박연 문화관(어진동 593),24시간 이용가능,,급속(50kW),,"('36.49856680000018', '127.25961989999962')","(978602.0430828526, 1833419.5421282733)"
한국불교문화체험관,1,DC콤보,세종특별자치시 ,연기면 ,세종특별자치시 연기면 세종리 산 82,24시간 이용가능,상황에 따라 변동,100kW,상황에 따라 변동,"('36.514048099999805', '127.27026749999987')","(979562.3876192458, 1835142.8236125545)"
세종첫마을3단지아파트1(ENH),1,AC완속,세종특별자치시 ,나리1로 ,세종특별자치시 나리1로 15301동 지하2층주차장(950 첫마을3단지),24시간 이용가능,,7kW,,"('36.478170399999705', '127.2553922999994')","(978220.7409525914, 1831149.142454625)"
㈜아이소밸리,1,AC완속,세종특별자치시 ,전의면 ,세종특별자치시 전의면 동신길 144주차장(신정리 476-2),09:00~18:00,,7kW,,"('36.686859199999645', '127.21631970000004')","(974696.6455760596, 1854379.0743741277)"
sr파크센텀,1,AC완속,세종특별자치시 ,한누리대로 ,세종특별자치시 한누리대로 331sr파크센텀(727 SR파크센텀),24시간 이용가능,거주자외 출입제한,7kW,,"('36.493942100000034', '127.25533389999997')","(978215.4736510043, 1832904.7494506047)"
sr파크시티,1,AC완속,세종특별자치시 ,한누리대로 ,세종특별자치시 한누리대로 321sr파크시티(730 SR파크시티),24시간 이용가능,거주자외 출입제한,7kW,,"('36.49298939999962', '127.25528319999981')","(978210.900839465, 1832798.7008454602)"
도램마을5단지모아엘가에코힐아파트,1,AC완속,세종특별자치시 ,다솜1로 ,세종특별자치시 다솜1로 220도램마을5단지모아엘가에코힐아파트(도램마을 5단지),24시간 이용가능,거주자외 출입제한,7kW,,"('36.517456700000125', '127.25297719999955')","(978002.9145795454, 1835522.2476446456)"
조치원신동아파밀리에3차아파트,1,AC완속,세종특별자치시 ,조치원읍 ,세종특별자치시 조치원읍 도장말길 30(조치원 신동아파밀리에),24시간 이용가능,거주자외 출입제한,7kW,,"('36.58970009999983', '127.2967359999993')","(981949.6748351781, 1843563.931068131)"
세종리치먼드시티오피스텔,1,AC완속,세종특별자치시 ,한누리대로 ,세종특별자치시 한누리대로 320(리치먼드시티 세종),24시간 이용가능,해당 시설 정책에 따라 이용이 불가할 수 있습니다,3kW,,"('36.492842', '127.25651899999961')","(978322.361992951, 1832782.2931994528)"
세종마루2오피스텔,1,AC완속,세종특별자치시 ,한누리대로 ,세종특별자치시 한누리대로 316(757 세종마루2),24시간 이용가능,해당 시설 정책에 따라 이용이 불가할 수 있습니다,3kW,,"('36.49247419999964', '127.2565271999994')","(978323.1015798054, 1832741.35200391)"
세종블루지움아파트,1,AC완속,세종특별자치시 ,한누리대로 ,세종특별자치시 한누리대로 306(759 블루지움),24시간 이용가능,해당 시설 정책에 따라 이용이 불가할 수 있습니다,3kW,,"('36.49173910000024', '127.2565894999996')","(978328.7206361952, 1832659.5252698439)"
세종의아침오피스텔,1,AC완속,세종특별자치시 ,한누리대로 ,세종특별자치시 한누리대로 194(775 세종의아침),24시간 이용가능,해당 시설 정책에 따라 이용이 불가할 수 있습니다,3kW,,"('36.48249319999987', '127.26085659999994')","(978713.5854105543, 1831630.329512606)"
세진이너스빌오피스텔,1,AC완속,세종특별자치시 ,한누리대로 ,세종특별자치시 한누리대로 207(713 세진이너스빌),24시간 이용가능,해당 시설 정책에 따라 이용이 불가할 수 있습니다,3kW,,"('36.48320549999964', '127.25917829999992')","(978562.2136239158, 1831709.6182933212)"
조치원종합세차장,1,AC완속,세종특별자치시 ,조치원읍 ,세종특별자치시 조치원읍 새내로 231조치원종합세차장(서창리 47-3),24시간 이용가능,,7kW,,"('36.61191610000013', '127.29405839999974')","(981708.1726628424, 1846036.877232615)"
세종 SM타워,1,AC완속,세종특별자치시 ,정부2청사로 ,세종특별자치시 정부2청사로 10SM타워(779 에스엠타워),24시간 이용가능,,7kW,,"('36.482770800000125', '127.26139140000015')","(978761.820905713, 1831661.2302083152)"
세종 도담프라자,1,AC완속,세종특별자치시 ,보듬3로 ,세종특별자치시 보듬3로 8-5도담프라자(도담동 668),24시간 이용가능,,7kW,,"('36.512851500000224', '127.25414099999965')","(978107.8817995314, 1835009.6255850364)"
세종 반곡타워,1,AC완속,세종특별자치시 ,한누리대로 ,세종특별자치시 한누리대로 1952반곡타워(771-68 반곡타워),24시간 이용가능,,7kW,,"('36.49008880000014', '127.29832559999964')","(982093.0464565147, 1832475.8241960483)"
세종 센트럴테라스,1,AC완속,세종특별자치시 ,대평4길 ,세종특별자치시 대평4길 17센트럴테라스(679 센트럴테라스),24시간 이용가능,,7kW,,"('36.47325169999979', '127.26758069999954')","(979320.0556664452, 1830601.623535879)"
세종 우빈가온,1,AC완속,세종특별자치시 ,한누리대로 ,세종특별자치시 한누리대로 201우빈가온(715 우빈가온),24시간 이용가능,,7kW,,"('36.482490899999846', '127.25597909999941')","(978273.6665108345, 1831630.073490989)"
세종 판타지타워,1,AC완속,세종특별자치시 ,한누리대로 ,세종특별자치시 한누리대로 2257판타지타워(699 판타지타워),24시간 이용가능,,7kW,,"('36.47261709999958', '127.2738207')","(979882.8632387987, 1830530.9838331204)"
세종 펠리체타워1,1,AC완속,세종특별자치시 ,대평로 ,세종특별자치시 대평로 71펠리체타워1(687 펠리체타워1),24시간 이용가능,,7kW,,"('36.47326970000011', '127.27307139999957')","(979815.2812333214, 1830603.6271833286)"
세종시 네이버타워,13,AC완속,세종특별자치시 ,호려울로 ,세종특별자치시 호려울로 9지하주차장 3층(755 네이버타워),24시간 이용가능,,7kW,,"('36.47710269999991', '127.2877025999996')","(981134.9206807627, 1831030.2927688458)"
